ID,First_Name,Last_Name,Wilaya,City,Email,Password,Phone Number,Sexe,Speciality,Location_Link
ID001,Farid,Zoubir,Alger,Alger Centre,zoubirfarid@gmail.com,VqRzE749,05 51 02 48 37,M,Neurology,https://maps.app.goo.gl/Alger-Rouïba-Sarah
ID002,Lila,Meghraoui,Alger,Bab El Oued,meghraouilila@gmail.com,AsXyP910,07 92 55 11 04,F,Gastroenterology,https://www.google.com/url?sa=E&source=gmail&q=https://maps.app.goo.gl/Oran-Arzew-Sofiane
ID003,Malik,Haddad,Alger,Hussein Dey,haddadmalik@gmail.com,GtJkL283,06 44 88 23 59,M,Ophthalmology,https://www.google.com/url?sa=E&source=gmail&q=https://maps.app.goo.gl/Oran-EsSenia-Amel
ID004,Amira,Chouiter,Alger,Bir Mourad Raïs,chouiteramira@gmail.com,DnQbV601,05 20 73 94 18,F,Cardiology,https://www.google.com/url?sa=E&source=gmail&q=https://maps.app.goo.gl/Alger-Cheraga-Salim
ID005,Khaled,Belkacem,Alger,El Harrach,belkacemkhaled@gmail.com,BwSfC332,07 70 61 52 93,M,Dentist,https://www.google.com/url?sa=E&source=gmail&q=https://maps.app.goo.gl/Alger-DarElBeida-Faiza
ID006,Samia,Kerrouche,Alger,Baraki,kerrouchesamia@gmail.com,MjTkG847,06 93 40 17 65,F,General Practice,https://www.google.com/url?sa=E&source=gmail&q=https://maps.app.goo.gl/Boumerdes-Dellys-Yacine
ID007,Rami,Abdelaziz,Alger,Oued Smar,abdelazizrami@gmail.com,FzLcO516,05 55 28 91 70,M,Pediatrics,https://www.google.com/url?sa=E&source=gmail&q=https://maps.app.goo.gl/Boumerdes-BordjMenai-Meriem
ID008,Nawal,Bendali,Alger,Birkhadem,bendarinawal@gmail.com,HxVyR098,07 81 35 69 22,F,Gynecology/Obstetrics,https://www.google.com/url?sa=E&source=gmail&q=https://maps.app.goo.gl/Tlemcen-Tlemcen-Nabil
ID009,Yassine,Ghezali,Alger,Dar El Beïda,ghezaliyassine@gmail.com,PlQxW463,06 18 77 03 45,M,Orthopedics,https://www.google.com/url?sa=E&source=gmail&q=https://maps.app.goo.gl/Tlemcen-Chetouane-Chahinez
ID010,Warda,Hamdi,Alger,Rouiba,hamdiwarda@gmail.com,TkNlM125,05 94 62 80 71,F,Dermatology,https://www.google.com/url?sa=E&source=gmail&q=https://maps.app.goo.gl/Alger-Birkhadem-Samira
ID011,Mounir,Taleb,Alger,Reghaïa,taleb mounir@gmail.com,SpBzJ734,07 77 19 43 06,M,Neurology,https://www.google.com/url?sa=E&source=gmail&q=https://maps.app.goo.gl/Oran-BirElDjir-Kamel
ID012,Sonia,Lounis,Alger,Aïn Taya,lounissonia@gmail.com,QjCxH957,06 32 50 88 14,F,Gastroenterology,https://www.google.com/search?q=https://maps.app.goo.gl/Alger-Rouiba-Sarah
ID013,Karim,Ziani,Alger,Kouba,zianikarim@gmail.com,LvTrK628,05 60 97 12 33,M,Ophthalmology,https://www.google.com/url?sa=E&source=gmail&q=https://maps.app.goo.gl/Oran-Oran-Hakim
ID014,Fella,Harrat,Alger,Mohammadia,harratfella@gmail.com,CwYtD882,07 90 26 47 51,F,Cardiology,https://www.google.com/url?sa=E&source=gmail&q=https://maps.app.goo.gl/Boumerdes-Boumerdes-Lina
ID015,Hocine,Mekki,Alger,Bordj El Kiffan,mekkihocine@gmail.com,RmPuN396,06 11 49 70 85,M,Dentist,https://www.google.com/url?sa=E&source=gmail&q=https://maps.app.goo.gl/Tlemcen-Hennaya-Mourad
ID016,Leila,Mansour,Alger,Draria,mansourleila@gmail.com,AfGeS147,05 88 33 09 20,F,General Practice,https://www.google.com/url?sa=E&source=gmail&q=https://maps.app.goo.gl/Alger-Zeralda-Rima
ID017,Fahem,Slimani,Alger,Bologhine,slimanifahem@gmail.com,BqTrX558,07 74 65 21 03,M,Pediatrics,https://maps.app.goo.gl/Alger-DarElBeida-Faiza1
ID018,Wissal,Dahmani,Alger,Hydra,dahmaniwissal@gmail.com,CvWmO729,06 95 10 34 67,F,Gynecology/Obstetrics,https://maps.app.goo.gl/Alger-DarElBeida-Faiza2
ID019,Tarik,Bouchama,Alger,Bab Azzouar,bouchamatarek@gmail.com,DxSyL941,05 30 84 57 12,M,Orthopedics,https://maps.app.goo.gl/Alger-DarElBeida-Faiza3
ID020,Hinda,Aït Ali,Alger,Sidi Moussa,aitalihinda@gmail.com,EzTrM273,07 62 01 98 46,F,Dermatology,https://maps.app.goo.gl/Alger-DarElBeida-Faiza4
ID021,Aziz,Khelifa,Alger,Zéralda,khelifaaziz@gmail.com,FjUxC085,06 29 45 78 13,M,Neurology,https://maps.app.goo.gl/Alger-DarElBeida-Faiza5
ID022,Imene,Saadi,Alger,Baba Hassen,saadiimene@gmail.com,GmPyV416,05 58 76 11 94,F,Gastroenterology,https://maps.app.goo.gl/Alger-DarElBeida-Faiza6
ID023,Rachid,Kouadri,Alger,Staouéli,kouadrirachid@gmail.com,HnRzB537,07 98 21 34 68,M,Ophthalmology,https://maps.app.goo.gl/Alger-DarElBeida-Faiza7
ID024,Chahra,Hafiz,Alger,Mahelma,hafizchahra@gmail.com,JqWxA969,06 72 39 00 55,F,Cardiology,https://maps.app.goo.gl/Alger-DarElBeida-Faiza8
ID025,Abdelkader,Tiziri,Alger,Tessala El Merdja,tiziriabdelkader@gmail.com,KyLmS301,05 53 17 62 89,M,Dentist,https://maps.app.goo.gl/Alger-DarElBeida-Faiza9
ID026,Nesrine,Douadi,Alger,Ouled Chebel,douadinesrine@gmail.com,LzNpR722,07 80 54 99 11,F,General Practice,https://maps.app.goo.gl/Boumerdes-Dellys-Yacine0
ID027,Youcef,Boussouf,Alger,Rahmania,boussoufyounes@gmail.com,MxOtQ054,06 21 98 33 47,M,Pediatrics,https://maps.app.goo.gl/Boumerdes-Dellys-Yacine1
ID028,Fatima,Zohra,Alger,Souidania,zohrafatima@gmail.com,OyPxU615,05 64 07 20 58,F,Gynecology/Obstetrics,https://maps.app.goo.gl/Boumerdes-Dellys-Yacine2
ID029,Sofiane,Boudiaf,Alger,Chéraga,boudiafsofiane@gmail.com,PqRyW936,07 78 41 53 79,M,Orthopedics,https://maps.app.goo.gl/Boumerdes-Dellys-Yacine3
ID030,Linda,Cherif,Alger,Dely Ibrahim,cheriflinda@gmail.com,QxVzT168,06 91 66 82 03,F,Dermatology,https://maps.app.goo.gl/Boumerdes-Dellys-Yacine4
ID031,Hamza,Derbali,Alger,El Biar,derbalihamza@gmail.com,RzTxS490,05 56 34 10 21,M,Neurology,https://maps.app.goo.gl/Boumerdes-Dellys-Yacine5
ID032,Samira,Boutouba,Alger,Ben Aknoun,boutoubasamira@gmail.com,SzUyO811,07 33 08 67 95,F,Gastroenterology,https://maps.app.goo.gl/Boumerdes-Dellys-Yacine6
ID033,Bilal,Bouzar,Alger,Bouzareah,bouzarbilal@gmail.com,TxVzP033,06 67 43 96 18,M,Ophthalmology,https://maps.app.goo.gl/Boumerdes-Dellys-Yacine7
ID034,Zahra,Guerfi,Alger,Dély Brahim,guerfizahra@gmail.com,UzXyM354,05 92 11 50 74,F,Cardiology,https://maps.app.goo.gl/Boumerdes-Dellys-Yacine8
ID035,Adel,Merabet,Alger,Aïn Benian,merabetadel@gmail.com,VxWzL676,07 85 36 29 41,M,Dentist,https://maps.app.goo.gl/Boumerdes-Dellys-Yacine9
ID036,Souad,Bendou,Alger,Ouled Fayet,bendousouad@gmail.com,WyXyK998,06 10 75 04 32,F,General Practice,https://maps.app.goo.gl/Boumerdes-BordjMenai-Meriem0
ID037,Mourad,Kouici,Alger,Douéra,kouicimourad@gmail.com,XzUzJ320,05 57 80 43 96,M,Pediatrics,https://maps.app.goo.gl/Boumerdes-BordjMenai-Meriem1
ID038,Kenza,Drici,Alger,Khraicia,dricikenza@gmail.com,YzTyH542,07 72 25 76 19,F,Gynecology/Obstetrics,https://maps.app.goo.gl/Boumerdes-BordjMenai-Meriem2
ID039,Mehdi,Benyahia,Alger,Saoula,benyahiamahdi@gmail.com,ZwVyG863,06 48 09 31 54,M,Orthopedics,https://maps.app.goo.gl/Boumerdes-BordjMenai-Meriem3
ID040,Wiam,Touati,Alger,Birtouta,touatiwiam@gmail.com,AxUzF185,05 99 71 64 28,F,Dermatology,https://maps.app.goo.gl/Boumerdes-BordjMenai-Meriem4
ID041,Lyes,Hammou,Alger,Tixeraïne,hammoulyes@gmail.com,ByTxE507,07 83 96 55 02,M,Neurology,https://maps.app.goo.gl/Boumerdes-BordjMenai-Meriem5
ID042,Sarah,Aoun,Alger,Sidi Abdellah,aounsara@gmail.com,CzVwD829,06 14 05 38 71,F,Gastroenterology,https://maps.app.goo.gl/Boumerdes-BordjMenai-Meriem6
ID043,Younes,Boumaza,Alger,Hammamet,boumazayounes@gmail.com,DxSyC150,05 50 63 92 46,M,Ophthalmology,https://maps.app.goo.gl/Boumerdes-BordjMenai-Meriem7
ID044,Zineb,Taleb,Alger,Raïs Hamidou,talebzineb@gmail.com,EyRzB472,07 97 18 20 63,F,Cardiology,https://maps.app.goo.gl/Boumerdes-BordjMenai-Meriem8
ID045,Nabil,Djama,Alger,Oued Koriche,dhamanabil@gmail.com,FzQyA794,06 31 54 87 90,M,Dentist,https://maps.app.goo.gl/Boumerdes-BordjMenai-Meriem9
ID046,Yasmina,Mokrani,Alger,Casbah,mokraniyasmine@gmail.com,GwPxZ115,05 66 99 03 27,F,General Practice,https://maps.app.goo.gl/Tlemcen-Tlemcen-Nabil0
ID047,Ali,Koufi,Oran,Oran,koufiali@gmail.com,HxOwY437,07 71 82 45 60,M,Pediatrics,https://maps.app.goo.gl/Tlemcen-Tlemcen-Nabil1
ID048,Linda,Sami,Oran,Es Sénia,samilinda@gmail.com,IyPvX759,06 15 28 01 34,F,Gynecology/Obstetrics,https://maps.app.goo.gl/Tlemcen-Tlemcen-Nabil2
ID049,Kamel,Touati,Oran,Bir El Djir,touatikamel@gmail.com,JzQuW080,05 52 39 74 91,M,Orthopedics,https://maps.app.goo.gl/Tlemcen-Tlemcen-Nabil3
ID050,Nadia,Bounif,Oran,Arzew,bounifnadia@gmail.com,KxRyV302,07 99 64 12 55,F,Dermatology,https://maps.app.goo.gl/Tlemcen-Tlemcen-Nabil4
ID051,Mourad,Khelil,Oran,Gdyel,khelilmourad@gmail.com,LySzU624,06 43 87 50 18,M,Neurology,https://maps.app.goo.gl/Tlemcen-Tlemcen-Nabil5
ID052,Soumia,Maâmar,Oran,Aïn El Turk,maamarsoumia@gmail.com,MzTyT946,05 81 22 93 47,F,Gastroenterology,https://maps.app.goo.gl/Tlemcen-Tlemcen-Nabil6
ID053,Abdelmalek,Said,Oran,Boutlélis,saidabdelmalek@gmail.com,NzUxS267,07 73 59 16 02,M,Ophthalmology,https://maps.app.goo.gl/Tlemcen-Tlemcen-Nabil7
ID054,Rima,Hani,Oran,Oued Tlélat,hanirima@gmail.com,OxVyR589,06 25 83 48 71,F,Cardiology,https://maps.app.goo.gl/Tlemcen-Tlemcen-Nabil8
ID055,Youssef,Bouchibi,Oran,Bethioua,bouchibiyoussef@gmail.com,PzWzQ910,05 59 06 71 24,M,Dentist,https://maps.app.goo.gl/Tlemcen-Tlemcen-Nabil9
ID056,Noura,Zerhouni,Oran,Hassi Bounif,zerhouninour@gmail.com,QxXyP232,07 84 31 99 56,F,General Practice,https://maps.app.goo.gl/Tlemcen-Chetouane-Chahinez0
ID057,Sofiane,Chouala,Oran,Sidi Chami,choualasofiane@gmail.com,RyYzO554,06 16 77 20 83,M,Pediatrics,https://maps.app.goo.gl/Tlemcen-Chetouane-Chahinez1
ID058,Imene,Zouggari,Oran,Hassi Mefsoukh,zouggariimene@gmail.com,SzUzN876,05 93 42 61 09,F,Gynecology/Obstetrics,https://maps.app.goo.gl/Tlemcen-Chetouane-Chahinez2
ID059,Mustapha,Dridi,Boumerdès,Boumerdès,dridimustapha@gmail.com,TzVxM197,07 76 68 04 31,M,Orthopedics,https://maps.app.goo.gl/Tlemcen-Chetouane-Chahinez3
ID060,Wafa,Koucha,Boumerdès,Thenia,kouchawafa@gmail.com,UzWyL519,06 35 13 47 62,F,Dermatology,https://maps.app.goo.gl/Tlemcen-Chetouane-Chahinez4
ID061,Said,Messaoudi,Boumerdès,Dellys,messaoudisaid@gmail.com,VxXzK840,05 58 20 79 95,M,Neurology,https://maps.app.goo.gl/Tlemcen-Chetouane-Chahinez5
ID062,Sarah,Belhouari,Boumerdès,Boudouaou,belhouarisarah@gmail.com,WxYyJ162,07 94 85 10 23,F,Gastroenterology,https://maps.app.goo.gl/Tlemcen-Chetouane-Chahinez6
ID063,Hicham,Tabti,Boumerdès,Baghlia,tabtihicham@gmail.com,XzUzH484,06 19 30 63 58,M,Ophthalmology,https://maps.app.goo.gl/Tlemcen-Chetouane-Chahinez7
ID064,Lamia,Hani,Boumerdès,Sidi Daoud,hanilamia@gmail.com,YzTyG805,05 62 45 98 10,F,Cardiology,https://maps.app.goo.gl/Tlemcen-Chetouane-Chahinez8
ID065,Fayçal,Benaissa,Boumerdès,Naciria,benaissafaycal@gmail.com,ZwVxF127,07 75 90 23 44,M,Dentist,https://maps.app.goo.gl/Tlemcen-Chetouane-Chahinez9
ID066,Zineb,Toumert,Boumerdès,Issers,toumertzineb@gmail.com,AxUyD448,06 40 56 89 77,F,General Practice,https://maps.app.goo.gl/Alger-Birkhadem-Samira0
ID067,Omar,Ghazi,Boumerdès,Chabet el Ameur,ghaziomar@gmail.com,ByTxC770,05 54 81 12 09,M,Pediatrics,https://maps.app.goo.gl/Alger-Birkhadem-Samira1
ID068,Sabrina,Belhoucine,Boumerdès,Khemis El Khechna,belhoucinesabrina@gmail.com,CzSwB092,07 89 36 45 21,F,Gynecology/Obstetrics,https://maps.app.goo.gl/Alger-Birkhadem-Samira2
ID069,Tarik,Mansouri,Boumerdès,Larbatache,mansouritarik@gmail.com,DxRvA413,06 13 90 78 54,M,Orthopedics,https://maps.app.goo.gl/Alger-Birkhadem-Samira3
ID070,Hanane,Djellouli,Boumerdès,Tidjelabine,djelloulihanane@gmail.com,EyQuZ735,05 96 25 01 88,F,Dermatology,https://maps.app.goo.gl/Alger-Birkhadem-Samira4
ID071,Kamel,Saidani,Boumerdès,Si Mustapha,saidanikamel@gmail.com,FzPtY057,07 70 80 34 16,M,Neurology,https://maps.app.goo.gl/Alger-Birkhadem-Samira5
ID072,Meriem,Amara,Boumerdès,Zemmouri,amarameriem@gmail.com,GwOsX379,06 47 55 98 29,F,Gastroenterology,https://maps.app.goo.gl/Alger-Birkhadem-Samira6
ID073,Lyes,Toumi,Boumerdès,Taourga,toumilyes@gmail.com,HxNrW700,05 51 10 23 47,M,Ophthalmology,https://maps.app.goo.gl/Alger-Birkhadem-Samira7
ID074,Warda,Benali,Boumerdès,Ouled Hedadj,benaliwarda@gmail.com,IyMqV022,07 92 65 58 80,F,Cardiology,https://maps.app.goo.gl/Alger-Birkhadem-Samira8
ID075,Samir,Charef,Boumerdès,Corso,charefsamir@gmail.com,JzLpU344,06 17 99 72 05,M,Dentist,https://maps.app.goo.gl/Alger-Birkhadem-Samira9
ID076,Amina,Mekki,Boumerdès,Bordj Menaïel,mekkiamina@gmail.com,KyKoT665,05 88 44 11 36,F,General Practice,https://maps.app.goo.gl/Oran-BirElDjir-Kamel0
